metricHash,metricInfo
7d974f90a51f05d222dde08dce86c9e3220769e7,"{'job': 'node', 'instance': '192.168.0.107:9100', '__name__': 'node_sockstat_sockets_used'}"
bd16f55214f3705f14fd6de7c8557b8ebfe4aae4,"{'job': 'node', 'instance': '192.168.0.107:9100', '__name__': 'node_netstat_Tcp_CurrEstab'}"
7ce37b95947d27775788beaa9899ea94c888434c,"{'job': 'node', 'instance': '192.168.0.109:9100', '__name__': 'node_sockstat_TCP_inuse'}"
2508bc72784db0cccfe2abaf21a2901348296118,"{'job': 'node', 'instance': '192.168.0.109:9100', '__name__': 'node_sockstat_sockets_used'}"
7726551a4b5861acf9598b03f676222f5d10656d,"{'job': 'node', 'instance': '192.168.0.107:9100', '__name__': 'node_sockstat_TCP_alloc'}"
dd63669428e95c07519e072b058e775c54c5a688,"{'job': 'node', 'instance': '192.168.0.108:9100', '__name__': 'node_sockstat_sockets_used'}"
830ca47eee5b372f4c0f1810ac25d7b4c687fbbf,"{'job': 'node', 'instance': '192.168.0.109:9100', '__name__': 'node_netstat_Tcp_CurrEstab'}"
e1d57830999309ddcd17736d7b05a3ba4b8ed532,"{'job': 'node', 'instance': '192.168.0.109:9100', '__name__': 'node_timex_frequency_adjustment_ratio'}"
54ba643ef1116d7de67d918e35e22f494408dab7,"{'job': 'node', 'instance': '192.168.0.108:9100', '__name__': 'node_netstat_Tcp_CurrEstab'}"
c73c5108f02c607efae152105ab1440c9c865fae,"{'job': 'node', 'instance': '192.168.0.107:9100', '__name__': 'node_sockstat_TCP_inuse'}"
6b8b348220e0880d2d4bb373cd58ac920cc08fa0,"{'job': 'node', 'instance': '192.168.0.108:9100', '__name__': 'node_sockstat_TCP_alloc'}"
87d2bad4e28fc42e03ceae8dc6e5675821d5aadd,"{'job': 'node', 'instance': '192.168.0.109:9100', '__name__': 'node_sockstat_TCP_alloc'}"
77fc3393c6c6e0a2487422886363667aee953244,"{'job': 'node', 'instance': '192.168.0.113:9100', '__name__': 'node_sockstat_sockets_used'}"
c8e285be7dac4c97654ab58d67840adbc9c69400,"{'job': 'node', 'instance': '192.168.0.108:9100', '__name__': 'node_sockstat_TCP_inuse'}"
893954923fa66520873628280b7e20a95de291ff,"{'job': 'node', 'instance': '192.168.0.113:9100', '__name__': 'node_sockstat_TCP_alloc'}"
